Region,Broad_Period,PC1,PC2,PC3,PC4,PC5,PC6,PC7,PC8,PC9,PC10,PC11,PC12,PC13,PC14,PC15,Population_Label
Carribean,Historical/Modern,0.02995897659574468,-0.0010082711170212766,-0.0010391855851063828,0.0012158049361702128,-0.0021068511914893616,-0.0008540763021276596,0.0006482363124468085,-1.7146245936170217e-05,0.011319707765957445,-0.00021780961276595743,0.0006260796308510639,-0.0021149459382978726,-0.003392675265957447,0.003846725669148936,0.0009827909010638298,Carribean | Historical/Modern
Carribean,Other,0.0069664,-2.9324666666666664e-05,-0.00016584323333333336,8.120576666666665e-05,-0.00019404316666666666,-0.0001239879233333333,-9.217056666666668e-05,0.0004133187333333333,0.0006513731666666667,6.193336666666665e-05,0.0009302329999999999,0.0004914023333333333,0.0007048516666666666,-0.0017113866666666666,0.001876119,Carribean | Other
Caucasian,Historical/Modern,-0.0034831050000000002,-0.00605142,0.000742713,-0.0110888,0.002027615,-0.009107885,0.001844415,-0.009559695,0.001548625,-0.00351265,0.0153384,0.0070145,0.011168850000000001,0.0055283450000000005,0.00082117945,Caucasian | Historical/Modern
Caucasian,Other,-0.0035928173684210527,-0.005796779473684211,0.0016571746315789473,-0.008389708421052631,0.0057099032631578945,-0.008333746842105264,0.001114472589473684,-0.006859272105263157,0.0012066773684210527,0.0005707143631578947,0.015388957894736842,0.00903669947368421,0.011077987894736841,0.007645512631578947,0.0015246054210526314,Caucasian | Other
Central African,Historical/Modern,0.0325758847826087,0.00018591440152173914,-0.0005644332391304348,-0.0004196579178260869,-0.0013104074215217391,0.002256987543478261,-0.002376273760869565,0.002031758543478261,-0.08423182132608695,-0.0028297615217391303,0.010471248804347825,-0.005962381826086957,-0.007272439340000001,-0.016917358913043478,0.06314536250000001,Central African | Historical/Modern
Central African,Other,0.031159216666666666,0.00032475366666666664,-0.00035487685,-0.0008268136666666667,-0.0010771910000000001,0.0020328383333333335,-0.00222903,0.00023327614999999998,-0.08174881666666667,-0.0027614563333333334,0.004769622333333333,0.0034368266666666668,-0.0020563366666666665,-0.03297175,0.04749171666666666,Central African | Other
Central Asian,Bronze-Age,-0.0013547938612413792,-0.001910062488275862,-0.0005997890933103448,-0.005666230257034483,-0.0024160829274482757,-0.004072623284137931,-0.0008930323390344828,-0.0060058391749655176,-0.0007075472018620689,-0.005875941681448275,-0.0052156447820000005,0.0043833896413793105,0.003609721403448276,6.37608800689655e-05,-0.0008205806792482759,Central Asian | Bronze-Age
Central Asian,Historical/Modern,-0.0017328938393447295,0.005034838327977209,0.005096430935042735,-0.01744793572803419,0.001475406882051282,-0.007140545154131054,0.0006275941768091168,0.010909249843874643,5.438272971225071e-05,0.006019474261054131,-0.0030933471458689456,-0.006035100061823362,-0.002232606316894587,0.0012642801560683761,0.0010840119291994302,Central Asian | Historical/Modern
Central Asian,Iron-Age,-0.0018270443344086023,0.0017458302664516128,4.423109849462364e-05,-0.002350406082795699,-0.004699065335698925,-0.0043001518150537635,-0.004535738443010752,-0.007627229333333333,-0.00039433578075268814,0.0021225232784946235,-0.0019817786580860215,-0.0005402798946236559,0.0005195752150537634,-0.0017135750913978495,-0.0014652330305376343,Central Asian | Iron-Age
Central Asian,Neolithic,-0.0032025121999999994,0.0029506848,-0.009418796,-0.011144374,-0.02103682,-0.0061716808,-0.0054689742,-0.016828546,-0.00024345694000000003,-0.0060061787999999994,-0.0008027439999999999,-0.02047567,-0.0023805102,-0.051610694,-0.02968675,Central Asian | Neolithic
Central Asian,Other,-0.0011206496666666666,-0.0018272380666666669,0.0007455502333333333,-0.009578901999999999,0.0018688858333333334,-0.0071670835,-0.0001987504366666667,-0.006682441666666667,-0.0007461216,-0.005632910666666667,-0.006567461,0.011527181499999999,0.011438154433333333,0.006390917833333333,0.0019984990666666665,Central Asian | Other
East Asian,Bronze-Age,-0.001822228447706422,0.003603156353211009,-0.00014486855733944956,-0.0023383783889908256,-0.0042436974669724774,-0.005233234293577981,-0.005559937354128441,-0.010356478788990826,-0.0007675537621100918,0.003193263449541285,-0.004329395077981651,0.001270354534678899,-0.00023117113761467894,-0.005853725005504587,-0.003980592321100917,East Asian | Bronze-Age
East Asian,Historical/Modern,-0.002111337053090047,0.014077478353677725,0.0026641310609952606,0.004750696324018009,8.988881592701423e-05,-0.003260011611649289,-0.004339669764085308,0.0017716331019146919,0.0003356548748056872,0.00022172607206635071,0.002231555115772512,0.004694341652483412,-0.002482861582492891,0.003967630220367772,0.0026224315948521325,East Asian | Historical/Modern
East Asian,Iron-Age,-0.0012928468601058202,0.0035440699677248676,0.0012526613383597883,-0.0004830873000000001,-0.0031587056579365077,-0.002909524320825397,-0.0011634175063492064,-0.006190224959693122,-0.0005493469165978836,0.00151333960994709,-0.003272912644111111,0.002771399938095238,-0.001868194214920635,-0.0022404373476190473,-0.001303964586984127,East Asian | Iron-Age
East Asian,Mesolithic,-0.0010388402,0.011840215,0.007050859,0.0012258609,4.513499999999997e-06,-0.00018934140000000004,-0.00433279,0.004242127,-0.0014199211999999998,0.006129592,-0.00511404,0.0019851063,-0.0037916439999999994,0.008277155,0.010844551,East Asian | Mesolithic
East Asian,Neolithic,-0.0015797963851923076,0.00881132564423077,-0.00949355905673077,0.0023521403801923077,0.002297016120769231,0.00026337685384615384,-0.00032749613711538457,0.00021020021336538462,-0.00047263941826923073,0.002922195976153846,-0.002093405593269231,0.011287077606730768,-0.009406130776923077,-0.00011063306759615382,-4.905305576923076e-06,East Asian | Neolithic
East Asian,Other,-0.0014644452105882352,0.004401910929411765,-0.0017319644447058825,-0.00035235445023529407,0.000438358291882353,-0.0025114224835294115,-0.0004554165232941176,-0.003995554914588235,-0.0002225265134117647,0.0028942331171764703,-0.0002978808169411765,0.007670400070588235,-0.002786025522352941,0.0008275587164705882,6.625823588235294e-05,East Asian | Other
East Asian,Palaeolithic,-0.000771041,0.0095878225,0.003188273,0.0046334489999999996,-0.00086526025,-0.00254936175,-0.0025761475,-0.00583308,-0.00114348975,0.0157911625,-0.00384256925,0.009878125,-0.0062464625,0.0019235345000000001,0.001660191,East Asian | Palaeolithic
East Asian,Unknown,-0.002928185861111111,0.013406346661111112,-0.031070708944444445,0.0003918051872222222,0.006761294527777777,0.0038044313444444444,0.005247831883333333,0.0004155998456666667,-0.0007074336277777777,0.002240526045,-0.0048155956,0.02393418677777778,-0.020938575833333334,0.0025092879888888885,0.003515803566666667,East Asian | Unknown
Eastern African,Historical/Modern,0.021699009409625665,-0.00041141748588235293,-0.00013063013352941177,-0.0001632600265775401,0.000696815400053476,-0.0007549393213368983,-0.00011782599572192514,0.0006661402549732621,-0.003521838822566845,0.0004773482513368984,0.0019298064614117648,0.003242577419786096,0.006494333073262032,-0.016861713847058823,0.013211922098395721,Eastern African | Historical/Modern
Eastern African,Iron-Age,0.0062160706,5.391752000000001e-05,0.000180437874,-0.0005610244000000001,0.00024719342,9.580038000000001e-05,-0.00039181,0.00019860972,-0.0055323986,0.0008830753,0.0034993608000000002,0.0016455919,0.0054282898000000005,-0.007599467,0.00161568448,Eastern African | Iron-Age
Eastern African,Neolithic,0.008851550666666668,-0.0020274546,0.0015761254666666667,-0.00010190619666666666,0.007014462666666666,-0.0005302404426666666,-0.0008786204066666667,0.00014398644933333332,-0.009483691999999998,0.002437293133333333,0.0029902855199999997,0.013276239333333334,0.023491290666666668,-0.025400922666666666,-0.002591025,Eastern African | Neolithic
Eastern African,Other,0.0017901255,4.703287e-05,0.0001265719,-0.0002473865,0.0001454355,0.00011710400000000001,3.76288e-05,0.0002363625,-0.00424829,0.00045726435,0.0012354835,0.000918742,0.002032112,-0.002068869,-0.0005425124999999999,Eastern African | Other
Eastern European,Bronze-Age,-0.00196254037611147,-0.0031517205898271405,-0.0003328389365880452,0.0003437585051050081,-0.0030986616796445884,-0.0005597917319709209,-0.0017624330397132471,-0.003485242359337641,-0.00021921516409369952,-0.0038263941983360254,-0.003138161137657512,-0.0024473867417609046,-0.0012457530798869144,-0.001524403458529887,-0.000623488834174475,Eastern European | Bronze-Age
Eastern European,Copper,-0.0019844974336206897,-0.004558910793103449,0.00015249696060344828,0.0015032972312931034,-0.0003248753986206896,0.0002887324473357759,-0.0011365418814655171,-0.002254315145474138,-0.0003536187196982759,-0.005106078574568965,-0.004568759528448275,-0.0016492054593534482,-0.001748268645301724,-0.0004024406280172414,3.778063534482758e-05,Eastern European | Copper
Eastern European,Historical/Modern,-0.002206531585762712,-0.0011090416414992297,0.0006038546367765794,0.001165169296990755,-0.0008257686609399076,-0.001875875744409091,-0.0032257470035208014,-0.004226538241040832,-3.1634863020731893e-05,0.0030583933570878276,-0.00039567159240369804,0.00018654745300154083,0.00010359975958089369,0.00031376288422958396,2.793612199383666e-05,Eastern European | Historical/Modern
Eastern European,Iron-Age,-0.0010753413532596685,-0.002209902465694291,8.326961959484345e-06,0.0006044573383609576,-0.0009739733749355433,2.7499851832412525e-05,-0.0004630474959023941,-0.001004126618281768,3.957958268876602e-07,-0.0018732590401537754,-0.0008825954463167587,-0.0009724011607753223,-0.0007587654956611418,0.0005273561844825046,0.0004370449215583794,Eastern European | Iron-Age
Eastern European,Mesolithic,-0.002178901694214876,-0.0028787398074380166,-0.0027114441016528926,0.0020958386518181815,-0.021441028074380166,0.005394864204214876,0.0012150499336363635,0.006328470554545455,-0.0010096682578512395,-0.00041148725454545447,-0.007939130122396694,0.004000071456033058,0.00697137249322314,-0.013421869768595041,-0.007715547325619835,Eastern European | Mesolithic
Eastern European,Neolithic,-0.0016749605312025317,-0.0029935650616033753,0.0010750403666244725,0.004500919207700422,0.0037811934308016877,0.0014082272153375529,-0.0022732243807172996,0.000740090401793249,-0.00039984253552742614,0.0014747309812236287,-0.004766294627004219,-0.0034373754738185654,-0.0008545314332278482,-0.005204498966413502,-0.0029269406361012657,Eastern European | Neolithic
Eastern European,Other,-0.0022134619112708334,-0.0017841223528124999,-0.00012902323234375,-0.00017619160953645836,-0.002877519574739583,-0.0020892921125520835,-0.0029432376858333337,-0.005845914615572916,-0.00020637581552083333,-0.0006021209972395834,-0.0022231411071875003,-7.007635552083331e-05,-0.0009015985024999999,-0.0019905328730208333,-0.00104172793671875,Eastern European | Other
Eastern European,Palaeolithic,-0.0003287062424090909,0.002541992900818182,0.0008071730178727272,-0.003182533167636364,-0.0029807198611363633,0.0024639433192727273,-0.0012696247410909091,0.003361006336181818,-0.0023905673148181816,0.005653972197727273,-0.004077499887227273,0.0014042129835909092,0.003464838813090909,-0.01176952731790909,-0.008773379729454545,Eastern European | Palaeolithic
Horn of African,Copper,0.02531535,0.0002544525,0.00114828,-0.0036410649999999998,0.0024281249999999997,0.001753485,-0.00142524,0.00348625,-0.061892,0.0012415570000000001,0.007688605,0.019204,0.0358415,-0.09954615,-0.03306295,Horn of African | Copper
Latin American,Bronze-Age,-0.00033604049999999997,0.0016561699999999998,-0.0037666649999999998,-3.983160000000001e-05,0.0006453725,0.0003603705,0.0007608574999999999,-0.00023648529999999998,-0.000256042,0.0005242915,-0.000602825,0.002417715,-0.002192085,-0.0002512505,-8.60825e-05,Latin American | Bronze-Age
Latin American,Copper,-0.002154263518181818,0.010305000545454546,-0.023293675,0.0003073069090909091,0.004569173363636363,0.002415399,0.0036607661363636367,-0.0011437874454545453,-0.0009415701727272728,0.0021892066363636362,-0.004821235845454546,0.014335758363636365,-0.011269907818181818,-0.0016497326090909091,-0.0007390793545454545,Latin American | Copper
Latin American,Historical/Modern,-0.0012802525246246245,0.002321521585075075,-0.01462913527927928,0.0013867164123123124,0.004778115457357357,0.0018443323405705704,0.001804462140840841,0.005026604417417417,0.0020153645264264263,-0.0008443460444444445,0.011866995705705706,-0.010246932891891892,0.009371644941741742,0.003188252921021021,0.0011592972567567568,Latin American | Historical/Modern
Latin American,Mesolithic,-0.0011856685,0.005718555,-0.012435960000000001,0.00028394149999999996,0.002381155,0.0010774755,0.0014670725,-0.001219845,-0.00060222,0.001939378,-0.0041011599999999995,0.009156794999999999,-0.00739694,-0.0015421599999999999,-0.001031843,Latin American | Mesolithic
Latin American,Neolithic,-0.001382585,0.007382980000000001,-0.0160555,0.0005217735,0.00327248,0.001158235,0.00320804,-0.00181812,-0.000724698,0.00340385,-0.00396426,0.014946000000000001,-0.01079104,-0.0024838250000000003,-0.0017808449999999999,Latin American | Neolithic
Latin American,Other,-0.00010336876923076925,0.01016630923076923,-0.02539516153846154,0.0009505905076923076,0.006582459230769231,0.0026288007692307695,0.0014536501538461538,0.007480098461538461,0.0019678052307692305,-0.00648751,0.007804435384615385,-0.017210415384615384,0.017043492307692306,0.005180963076923077,0.001792660923076923,Latin American | Other
Middle Eastern,Bronze-Age,-0.0011235062429028775,-0.0036301940776258994,0.0014543673507194245,-0.0029502481338741005,0.007148065053201439,-0.0035561833278093527,-0.0007927513033812949,-0.003960792934057555,-0.0008302176667985611,-0.0038282652663309356,-0.004616457007122302,0.00860472165971223,0.010068632875179855,0.001994010892086331,-0.00016736022086330935,Middle Eastern | Bronze-Age
Middle Eastern,Copper,-0.0011399168390625,-0.003593947265625,0.00147679835265625,-0.00068326708140625,0.007886909328125,-0.002196007940625,-0.00108988748640625,-0.0028038274609375,-0.000731060325,-0.00314433381875,-0.0046722557,0.0050411612915625004,0.0068945288593750004,0.0010463190696875,-0.00051299731453125,Middle Eastern | Copper
Middle Eastern,Historical/Modern,-0.0012255704022222222,-0.005745092204526748,0.002341289861728395,-0.0025970222475349795,0.011774734315226338,-0.0041184761512345685,0.0006628137981481481,-0.002698438732016461,0.0003330171948106996,0.002363340025473251,0.008228037456049383,0.011618558613580247,0.014016211717283952,-0.0013491939141152263,-0.0019069748304938272,Middle Eastern | Historical/Modern
Middle Eastern,Iron-Age,-0.001549954,-0.00419283364,0.001017031134,-0.003714992406,0.0052362482600000005,-0.004244277642,-0.0006854130826,-0.005757925200000001,-0.000542103304,-0.0053221836,-0.00214565522,0.007839298294,0.00865489022,0.003324955386,0.00016067652000000001,Middle Eastern | Iron-Age
Middle Eastern,Mesolithic,-0.0007679080778333333,-0.0021015958333333333,0.0007112603333333333,-0.0061651805,0.002072969,-0.0049525617,0.0008169268166666668,-0.004898116666666666,-0.0003560558833333334,-0.0022992003500000003,0.0022088891666666665,0.009420178166666668,0.0088584015,0.006982945666666666,0.0015044235,Middle Eastern | Mesolithic
Middle Eastern,Neolithic,-0.0011039407304210527,-0.0036528424937894736,0.001495708857894737,0.0023315046673684212,0.008352605917894737,-3.938725989473683e-05,-0.0008855434043263157,-0.0007168061415789473,-0.0007025696635473685,-0.00011492963700000001,-0.004191304578947368,0.0017504555947368422,0.0012314474410526316,-0.0031971107410526316,-0.002288102209863158,Middle Eastern | Neolithic
Middle Eastern,Other,-0.0006260491082857143,-0.004375759623809524,0.001635434513047619,-0.0024674049999047617,0.008362860284761905,-0.0034774011493333336,-4.322169285714287e-05,-0.0029471296668571426,-0.00014782228171428572,-0.0009755990285714286,0.002490060464761905,0.008440653545714286,0.010568906275238096,0.00014949149280000002,-0.0007476938009523809,Middle Eastern | Other
Native American,Bronze-Age,-0.001508764264285714,0.006953940761904763,-0.013292550666666667,0.0007866026666666666,0.0029752577454761906,0.0015860654404761905,0.004180316071428571,0.00040884969285714294,-0.0002715909,-0.001091064880952381,-0.0012199894214285714,-0.0037260207357142855,0.005033604947619048,0.0017167530690476189,0.0007418375880952381,Native American | Bronze-Age
Native American,Copper,-0.00169522,0.00863228,-0.018941933333333334,0.00011527566666666668,0.0030723766666666667,0.0014759216666666668,0.003875756666666667,-0.0018469866666666666,-0.000618277,0.004551126666666666,-0.00357668,0.0145713,-0.0121515,-0.0029770866666666666,-0.001543973333333333,Native American | Copper
Native American,Historical/Modern,-0.0017384186531150562,0.007110877620074157,-0.01523304052095955,0.0001116988355033708,0.0028729397612292135,0.0015385482921238202,0.0010812330851460673,0.0015713002199417977,8.274652539325844e-05,-0.0012873843004764045,0.0005140009111910112,-0.0025275224412202248,0.0026446573774292132,0.0007509497308143821,0.000218993479752809,Native American | Historical/Modern
Native American,Iron-Age,-0.0024625985217391305,0.011027673913043478,-0.024382713043478263,0.0004647435695652174,0.004745160826086957,0.0024786605652173913,0.002246890304347826,0.0017091998565217392,-0.00024235203043478264,-0.0005170526086956522,-0.0010578397391304347,0.003054170434782609,-0.0017260903913043479,-0.0005271452173913044,-0.0006055735913043478,Native American | Iron-Age
Native American,Mesolithic,-0.002427065636363636,0.010269202727272726,-0.02251963272727273,0.0005255061545454546,0.004138937181818182,0.0027990418181818182,0.0004765441818181818,0.0033328906363636365,0.0003469862727272727,-0.004257929909090909,-0.00033573590909090914,-0.010006291636363636,0.009825187618181817,-0.0022108955454545453,-0.0017060068181818182,Native American | Mesolithic
Native American,Neolithic,-0.0012779439999999998,0.0060826407333333336,-0.013480105999999999,0.00020793982666666668,0.0023197628666666663,0.0012143471399999998,0.0021583140666666667,-0.0006771832833333334,-0.0006453352,0.0022904452,-0.0019764882466666665,0.008749858,-0.007202685466666667,-0.0017620912166666667,-0.0011898618733333333,Native American | Neolithic
Native American,Other,0.0007805995285882352,0.011054612727641177,0.005692286666705882,0.006106032895058823,-0.00019611654029411764,0.0018832846981764707,0.04412609452217647,-0.019226607085882353,-0.002578159952352941,0.011990615544588237,-0.007347845069470588,-0.010117655450647058,0.007493956731764706,0.0016861360495882354,0.0016551663625882353,Native American | Other
Nilotic,Historical/Modern,0.004364087107692307,-0.001023496486153846,0.0007276128076923078,-0.00011858395353846153,0.003055540953846154,-0.0004985274646153846,-0.0002968199698523077,0.00023155341732307693,-0.0015097007199999998,0.00025610710153846155,0.0017569105723076923,0.003865969969230769,0.009142509353846154,-0.008734458876923078,0.0015916882458461537,Nilotic | Historical/Modern
North African,Historical/Modern,0.004904694391304348,-0.005702839847826087,0.0020155183260869565,0.002222235863043478,0.010470764717391305,-0.00020167225869565216,0.0016221144217391304,0.0020655636086956523,0.003113152267391304,0.008526102195652174,0.013093621956521738,0.010950219130434782,0.017637025417391306,-0.019849873913043478,-0.008963482739130436,North African | Historical/Modern
North African,Iron-Age,-5.6540749999999996e-05,-0.0026872099999999998,0.0015512195000000001,0.000581192,0.00691693,-0.00131897,-0.001061045,-0.001130687,-0.00040516605,-0.0022407,-0.0025343755,0.005681495,0.01076193,-0.00289149,-0.0017199615,North African | Iron-Age
North African,Neolithic,0.000690067209090909,-0.0028901866636363636,0.001116772809090909,0.0023608262545454545,0.005901257818181818,0.0011672528272727272,0.0008091019363636363,0.0019929346363636367,0.0005962838090909091,0.005465292636363636,0.004862085545454546,0.005795951,0.008533203727272728,-0.013037685363636364,-0.0066998990909090915,North African | Neolithic
North African,Other,0.0003911586,-0.005271110000000001,0.001308912,0.0033631,0.007688548000000001,0.0011277912,0.0013915190000000001,0.0012689226,0.0010638598,0.006889761999999999,0.007331288,0.006514768,0.0033035160000000003,-0.010303864,-0.00665992,North African | Other
Northern European,Bronze-Age,-0.0015710984637630331,-0.0032162280674881516,-0.0005197600351990521,0.0007324676103227488,-0.005699369600947868,0.0009767851847345972,-4.583390497630331e-05,-0.000247537960436019,-0.00024460207559241705,-0.0036583619184834123,-0.0027069510794786728,-0.00028444541843601894,-0.0007130101266824645,0.0024074562924658767,0.0017158079843601897,Northern European | Bronze-Age
Northern European,Copper,-0.002207491268292683,-0.004378053048780488,-0.0008551070148780488,-0.000322726543902439,-0.0066725294146341456,-0.00016682078219512194,-0.0007503642975609756,-0.00387109556097561,-0.00035311753487804877,-0.007419643112195122,-0.004578135926829268,-0.000997710543902439,-0.0029663370487804878,0.0026656192658536582,0.0022844911097560975,Northern European | Copper
Northern European,Historical/Modern,-0.0024680570740742815,-0.004642051393875019,-0.0004503710558587325,0.0006229906879827561,-0.005322128644238762,0.0005109871422324981,0.0011846639982505526,-0.0006552203145431099,0.0008932682399697862,0.0006389016405568165,0.007930240075744804,-0.002120351485058762,-0.003770848724291083,0.002717068202649742,0.0020185070793512895,Northern European | Historical/Modern
Northern European,Iron-Age,-0.0019080506694130433,-0.0031957490789855073,0.00016657964404347828,0.0009842269634082125,-0.003807526126352657,0.00024014078007729469,-0.0003345215401449275,-0.0018856201106256037,-8.452537905314011e-05,-0.005519106788574879,-0.002779830555748792,-0.001455200978888889,-0.003291552448550725,0.003482870576811594,0.0027347391582125606,Northern European | Iron-Age
Northern European,Mesolithic,-0.0027092508043478265,-0.004407757304347826,-0.0028086408760869567,0.0048950703260869565,-0.029247206086956523,0.010057148673913044,0.0035581099565217393,0.016544347891304347,-0.0014156751804347827,0.0037199417673913046,-0.010672418958695652,0.010327460747826088,0.014178207017391304,-0.006506115506521739,-0.004629480167391304,Northern European | Mesolithic
Northern European,Neolithic,-0.002134693526510067,-0.00533775500671141,0.0008210769148758389,0.0064214839979865775,0.00033420753097315433,0.0046022304667785235,0.0006633463761845637,0.007035011706375838,-0.0002583329414463087,0.0042984787463087246,-0.0032795449687919465,-0.0023672516948657716,-0.0024685936767785237,-0.0019934520818791946,-0.0012627302654362414,Northern European | Neolithic
Northern European,Other,-0.0022516936041666667,-0.004182023666666667,-0.0007017574806250001,0.0006292804083333333,-0.006763495758750001,0.0005640125449999999,0.0010996553458333333,-0.0010819224583333332,0.00065165385,-0.000831709075,0.00523735237875,-0.0015684942904166665,-0.003326654025,0.0017077172333333334,0.0010758669916666667,Northern European | Other
Oceanian,Bronze-Age,-0.0001763589625,0.002037150175,0.0013667645375,0.001092192025,2.644379375e-05,0.00029625849,0.00536492625,-0.002537794275,-0.00037583313875,0.001520428365,-0.00100169095,0.0017710626500000001,-0.0011036633875,-0.0010012254875000001,-0.000603892425,Oceanian | Bronze-Age
Oceanian,Historical/Modern,0.00043024008073394495,0.011286075394495412,0.012704048752293577,-0.028715681174311926,0.0064014735963302755,0.06917580422018349,-0.013032317513761469,-0.018993015651376146,0.0039750447253211005,0.002472399988990826,0.004050734948623853,0.0007802566697247707,0.0030923613642201836,0.004862636298165138,0.0033464250477431194,Oceanian | Historical/Modern
Oceanian,Iron-Age,6.9453065e-05,0.0018376195,0.0018535685,-0.00300940175,0.00064707535,0.00783247175,0.00038847125000000013,-0.00344491125,0.000212655325,0.00176539,-0.000160883725,0.00155809475,-0.000179555075,-0.000399446075,0.000160406075,Oceanian | Iron-Age
Oceanian,Other,0.0007578645,0.0114165,0.0126862,-0.03250775,0.0065237,0.06661495,-0.01731945,-0.01268675,0.003754055,0.0038697,0.00183328,-0.0025497899999999997,0.000694904,0.00334169,0.002635925,Oceanian | Other
Other,Historical/Modern,-0.0016651084594594594,0.005790147837837838,0.006907243783783784,-0.026725675675675676,0.0032780262162162162,-0.005647841893243243,0.004780523810810811,0.022751324324324324,7.60176535135135e-05,0.008339697837837839,-0.010043042702702704,-0.009674296486486487,-0.013940064324324325,-0.007507813621621622,-0.0011476799702702704,Other | Historical/Modern
Other,Iron-Age,-0.002314826,0.01728343,0.0117831,0.0001903194,0.00039663249999999996,-0.003140396,-0.005224079,0.01258002,0.0009448753000000001,-0.002440832,0.0003688357,0.002725155,-0.007920323,-0.002975259,-0.00032010956999999995,Other | Iron-Age
Other,Other,0.004556963625,0.0018958668395416666,0.0014631784020833333,-0.0028041228391666663,0.00011988377916666667,0.0015241297854166665,-3.7723919583333334e-05,0.00328153955,-0.000191504655,0.0009948785458333334,-0.0012134505750000001,-0.0010631356666666667,-0.0022921144791666665,-0.005153300708333333,0.00040494491666666664,Other | Other
Other,Palaeolithic,9.27550000000001e-07,-4.08117e-05,1.875454e-05,-0.00018285085000000002,-0.00020281405,0.000135486,2.19783e-05,0.0003092285,-0.00011509945,9.363939999999999e-05,-0.0001577575,0.000287396,0.00020457765,-0.0005360765000000001,-0.0005123409999999999,Other | Palaeolithic
South Asian,Copper,-0.0009915515,0.00900437,0.00468979,0.002191735,-0.0003056225,-0.00225871,-0.003660785,-0.001461285,-0.0002639705,0.00932838,-0.0010311615,0.00724817,-0.007130905,0.005249575,0.002879855,South Asian | Copper
South Asian,Historical/Modern,-0.001982132708677686,0.0017769291311363635,0.004288346143181818,-0.02291136322231405,0.002276412187252066,-0.008783672882024793,0.003813580916322314,0.0111571722853719,0.00015422019907024794,0.004326503058884297,-0.001568018471694215,-0.0030462281758264465,-0.0012899431975206613,0.0019178507934090908,0.0007257564907024793,South Asian | Historical/Modern
South Asian,Iron-Age,-0.0011022514,0.0019594035414326923,0.002283987354326923,-0.009576611235576923,0.0005199912331730769,-0.00579845897,-0.0006331612859615386,-0.0016071006734615387,-0.001115130069230769,-0.0010224253807692308,-0.009109631263461539,0.007525004414423077,0.002115395493173077,0.0034160567500000003,0.0010294586729807692,South Asian | Iron-Age
South Asian,Mesolithic,0.003542463,2.0600615e-05,0.00016556145,-0.00042866850000000006,0.0001057296,0.0005284749999999999,-0.00030308205,0.00031486575,-0.011254435,0.000141288,0.0026357554999999998,0.000238179,0.0017429085,0.00020584099999999998,-0.0049121899999999994,South Asian | Mesolithic
South Asian,Neolithic,0.0047004175,5.66608425e-05,0.00018993175,-0.00050487475,0.00015177335,0.000474128175,-0.0006702725,0.00054003975,-0.014358695000000001,0.00067371925,0.0037711925,0.000933937,0.0033265325,-0.0012107242500000001,-0.006377382500000001,South Asian | Neolithic
South Asian,Other,-0.000247488025,0.00031302637857142854,0.0014812515107142858,-0.009674442607142857,0.0009499753078571429,-0.003839718071428571,0.001737936907142857,0.002034103460714286,-0.0006268565714285714,0.0010949897607142856,-0.0047228105357142855,0.002418508039285714,-0.0002624613107142857,0.0010804771325,0.0004224785571428571,South Asian | Other
South Asian,Palaeolithic,0.00311567,7.619682500000001e-05,0.00020210105,-0.00039689274999999997,5.512945e-05,0.0004577705,-0.00025828695,0.0005289585,-0.01008289,0.000703161,0.0027422055,0.00044906199999999996,0.0022780475,-0.0005640345,-0.0048636,South Asian | Palaeolithic
South Asian,Unknown,-0.0013928582777777776,0.00015239298333333335,0.00201317,-0.016805827777777775,0.001051632838888889,-0.007505998333333333,0.0018201347777777777,-0.0001765642444444445,-0.0015892247222222223,-0.0011865338333333334,-0.014298026666666666,0.008486667222222223,0.0011513592222222222,0.0020250144444444442,0.00079616105,South Asian | Unknown
South-Eastern Asian,Bronze-Age,-0.00043833533529411765,0.00710464405882353,0.005549648,-0.0014313696823529413,0.0008106576294117647,0.010173905946470588,0.006374029,-0.0056508388176470595,0.0002257105705882353,-8.626805294117649e-05,-0.0007987855,0.005446668176470588,-0.003063539705882353,-0.003106445117647059,-0.0017172894705882351,South-Eastern Asian | Bronze-Age
South-Eastern Asian,Historical/Modern,-0.0021824572521489975,0.019188404011461317,0.014555748022922636,0.004541045137535817,0.0010309269431805156,0.0048363139885386815,0.006992095914040115,0.007975812549856734,0.0016615521191977076,-0.020302817277936962,0.00823475446991404,0.0054585695812893985,-0.0044892572034383954,-0.010833867564469914,-0.007102443280802292,South-Eastern Asian | Historical/Modern
South-Eastern Asian,Iron-Age,-0.000507777,0.005004745,0.00359361,0.001797445,-0.000345157,-0.000301457,5.0820000000000005e-05,0.00201563,0.000335165,-0.00336375,0.0005445875,0.001765955,-0.00185701,-0.00236584,-0.0014888100000000001,South-Eastern Asian | Iron-Age
South-Eastern Asian,Neolithic,-0.00011432506333333334,0.00137651725,0.0010197905,0.0004532735916666667,-4.469685833333333e-05,-3.638336666666669e-06,0.00100921225,-7.874094166666668e-05,5.562633333333286e-07,-0.0004192482930833333,-0.0002815017083333333,0.0017246701666666666,-0.0014668464166666666,-0.0014155856,-0.0009611574666666666,South-Eastern Asian | Neolithic
South-Eastern Asian,Other,-0.0005936854,0.01471094,0.014328859999999999,-0.01765854,0.004600796,0.0476354,-0.0034096283999999998,-0.008492306,0.0036102380000000004,-0.007836346,0.006594384,0.0010028754,-0.00040522700000000003,-0.004020866,-0.002607262,South-Eastern Asian | Other
Souther African,Bronze-Age,-0.0020991586666666666,0.00985609,-0.021624871666666667,-2.3122695e-05,0.0037266966666666666,0.002103102,0.002624881166666667,-0.0009142446666666667,-0.0007537917,0.0031151311666666667,-0.0040770905,0.012114936666666666,-0.00954374,-0.0025783203666666665,-0.0013590881666666668,Souther African | Bronze-Age
Souther African,Copper,-0.0007133301647058824,0.003169099,-0.006834729411764706,0.00019678101470588233,0.001353908517647059,0.0007526724823529411,-5.9276393529411755e-05,0.001071388211764706,9.551026823529412e-05,-0.0015809386470588235,5.026498470588235e-05,-0.0039263112352941176,0.0039039928294117648,-0.0005064428164705883,-0.00045150718764705883,Souther African | Copper
Souther African,Historical/Modern,0.012043603468181818,0.004422502147727273,-0.009715667297727272,-0.0005312821204545454,0.002027415527272727,0.0020074141818181815,-0.0008928642850000001,0.0012496802679545455,-0.04500598921477273,-0.001751430022727273,0.005405700356818182,-0.0023210712272727276,-0.000634845809090909,0.02116015231818182,-0.042038701345454545,Souther African | Historical/Modern
Souther African,Iron-Age,0.0016397181638888889,-0.0006525572500000001,-0.0032144155555555555,-0.003137665211111111,0.005340577761111111,-0.002597417211111111,-0.0009461732833333333,-0.0030510708055555558,-0.010532643383333333,-0.004251019472222222,-0.0016643574444444446,0.004709171527777778,0.010254712916666665,0.0058131083555555555,-0.00945007221388889,Souther African | Iron-Age
Souther African,Mesolithic,-0.0016684785,0.0084601325,-0.019332857499999998,0.000194071475,0.00267770975,0.0020576535,0.00321156,-0.00118163075,-0.0012440615,0.004073385,-0.00258827675,0.01429933,-0.0125994625,-0.0023555175,-0.0011195045,Souther African | Mesolithic
Souther African,Neolithic,-0.0020022472,0.009635939999999999,-0.02077258,0.000225125788,0.0037917076000000003,0.0021871484,0.0030961114,-0.000843780716,-0.0006045321999999999,0.0032571408,-0.0036219592,0.011822028000000002,-0.009807166,-0.0037124126,-0.0014693967999999998,Souther African | Neolithic
Souther African,Other,0.02621126592222222,-8.86247777777778e-06,-0.0006089077777777777,0.0005929493444444445,-0.0009377148444444446,1.5943266666666653e-05,-0.0008899045999999999,0.0006115309766666667,-0.01902110387777778,-0.0008367160555555556,0.003127104548888889,-0.0008528771555555556,-0.0009453307333333333,0.0034900168666666667,-0.006969112944444443,Souther African | Other
Southern European,Bronze-Age,-0.001362199003740458,-0.0037318261798982184,0.001034793938810178,0.003514064530534351,0.00418824493605598,0.0014837981052290077,-0.0006880010681424936,0.0017297462704580152,-0.00021465060601526717,-0.00038144304353689563,-0.003579308876335878,-0.001974608954402036,-0.000985135103918575,9.083035012722647e-05,4.336343294910941e-05,Southern European | Bronze-Age
Southern European,Copper,-0.0014374952173913042,-0.004085446586956522,0.0012815193934782609,0.005516003956521739,0.004119435565217391,0.0032357692826086954,-0.0006415501713043478,0.004994470904347827,-0.00044317246086956525,0.0010069535426086957,-0.005146835217391304,-0.004235212819565217,-0.0015605682852173912,0.00018708313217391303,0.00026077273804347826,Southern European | Copper
Southern European,Historical/Modern,-0.0025447074000282486,-0.006312642305522598,0.001003803417118644,0.0021066698015826273,0.003335128778621469,0.0004538298293502825,0.0012704792296689266,0.0012548806241596045,0.0008226686658502825,0.0033859651495833335,0.00780145076059322,0.0005522076324533899,-0.00017406673740112994,0.0007959779066525424,0.00015460606807485874,Southern European | Historical/Modern
Southern European,Iron-Age,-0.001806786987315294,-0.004795804948235295,0.0010329157128235293,0.0032590322791764704,0.004222251457647059,0.0010084995450588235,-0.00032884161929411763,0.0007860998305882353,0.00010005416376470587,-0.00019225441058823525,-0.001112092982352941,-0.0014097857703529411,-0.0013372385576517648,8.581485411764708e-05,1.2666785529411778e-05,Southern European | Iron-Age
Southern European,Mesolithic,-0.0021098795785714284,-0.003740896642857143,-0.0007558936857142857,0.006023125,-0.024111225714285717,0.011324832357142859,0.0046962191428571425,0.022749444357142858,-0.0014770221214285716,0.009947580714285715,-0.008769204142857142,0.012264347714285714,0.016652377857142856,0.005812954714285714,0.0011859064714285716,Southern European | Mesolithic
Southern European,Neolithic,-0.0016626257025396825,-0.003630103043650794,0.0018242874787301588,0.005894747791269842,0.005594982458095238,0.002825664661111111,0.0002002705740476191,0.0038310438373015876,-0.00022106388325396825,0.0035685606198412696,-0.003033544015079365,-0.0015555722047619048,-0.003230926748015873,-0.0021269393471428574,-0.0013092542825079367,Southern European | Neolithic
Southern European,Other,-0.0015270155880434783,-0.004091567130434783,0.0008700124728260871,0.004232784673913043,0.0018845709576086956,0.002408206327173913,-0.0008018859869565217,0.0031017844449999997,-0.0004081645408695652,-0.001191571858478261,-0.0055308200434782614,-0.003021304602173913,-0.0008398085001086957,0.0008765460607608695,0.0008612220144565217,Southern European | Other
Southern European,Palaeolithic,-0.0042298633333333335,-0.007952746666666668,-0.0016159933333333334,0.014820599999999998,-0.05062916666666667,0.025246466666666665,0.0125829,0.05391323333333333,-0.0025226133333333335,0.031051466666666666,-0.010860090000000001,0.03340736666666667,0.03729113333333334,0.023717699999999998,0.00778657,Southern European | Palaeolithic
Southern European,Unknown,-0.0005092162222222222,-0.0011447952222222223,0.00012466029999999998,0.0004606470355555556,0.0006644517222222223,5.613366666666666e-06,0.0002567065777777778,-0.00020471737111111112,0.00015956661111111113,0.000427901,0.0010716992222222221,-0.0002019838666666667,-0.0006148113111111111,-0.0009207588444444444,-0.0004290869888888889,Southern European | Unknown
West African,Bronze-Age,-0.0006255578794444445,-0.0013934495333333334,-0.00028291587972222227,-0.0005747852461111111,0.004990335763333333,-0.0012242434777777777,-0.00032605374444444443,-0.001678257169005,-0.000432162865,-0.0015454671616666668,-0.0019106193205555555,0.004986785300555556,0.004945801672222222,0.0003594033777777778,-0.00040052911111111114,West African | Bronze-Age
West African,Historical/Modern,0.03273965380487805,-0.00039228675142589123,-0.0012045491031894935,0.0013780799271669792,-0.0015149595061913696,-0.0009086452824577861,0.0003600405040150094,0.00012960145900938085,0.013629238178236398,-0.00016343131819136962,-0.0012118515943714823,-0.001849555852532833,-0.0025388105375234522,0.006660436692682927,-0.0053932833369606005,West African | Historical/Modern
West African,Other,-0.0018557456916666667,-0.005633793208333334,0.001957942425,0.0009746148333333333,0.011094764049999999,-0.001871153891666667,-0.0017319800333333334,-0.003352561983333333,-0.0007252546333333334,-0.004913024916666667,-0.006389998975000001,0.0036855078999999996,0.005569438833333333,0.0020048646666666666,-9.065526666666666e-05,West African | Other
Western European,Bronze-Age,-0.0014970325231919643,-0.003239431220901786,-0.00017711973371655357,0.0009996779871428573,-0.0028185956711160717,0.0006347918132142857,-0.0006101638710446429,-0.0010349602942410715,-0.0003511990263839285,-0.0042166451448571425,-0.0035078198336160713,-0.0014413105579910714,-0.0014025246973526785,0.001707963060580357,0.0014219448979017858,Western European | Bronze-Age
Western European,Copper,-0.0013109713717741936,-0.0027107723237096777,-0.00036512107520967745,0.00014189159064516128,-0.0030273532753225807,2.305948612903226e-05,-0.0006109262478225806,-0.002138891432903226,-0.00022441663129032258,-0.004550735181612903,-0.0032707031732258068,-0.0006553736994354838,-0.001423628124919355,0.0012134488651612903,0.0011345628008548388,Western European | Copper
Western European,Historical/Modern,-0.0020085181442857144,-0.004477075767214286,0.00037579865985,0.0019369789485714284,-0.00028866537547142854,0.0008788129654285715,0.00017231369953571427,0.0005319912691071428,0.00030840266225,-0.0005826305614464286,0.0017875650664285715,-0.0023453729410714288,-0.002368373446178571,0.001634737292142857,0.0012503232461428572,Western European | Historical/Modern
Western European,Iron-Age,-0.00086106846975,-0.00195904760109375,5.60519901328125e-05,0.000860888543203125,-0.000796936179484375,0.000364753590078125,-0.00021515370882812498,-0.000331400811875,-5.381662171875002e-06,-0.001600283799765625,-0.0009304560203125,-0.001049609020859375,-0.00100289099465625,0.000932647358203125,0.00087257125125,Western European | Iron-Age
Western European,Mesolithic,-0.0018789051388032787,-0.003570045542622951,-0.0007305384028442624,0.006069694669672131,-0.021667836844262295,0.010090933030163935,0.004297853160327869,0.02073201997672131,-0.0013730594136065575,0.008963033937704918,-0.007760553633114754,0.012453604382918032,0.01600347429557377,0.008197403221311475,0.0027939764120983607,Western European | Mesolithic
Western European,Neolithic,-0.001815511101977401,-0.005272941975423729,0.001729652685940678,0.0066392978861581926,0.007159019092937853,0.003329927201412429,-0.0009907104920903955,0.004315730134180791,-0.00048076996533898304,0.0012000677662768362,-0.0057170373240113,-0.004082704091525424,-0.001933175601259887,-0.0024607066518644066,-0.0013653046985875705,Western European | Neolithic
Western European,Other,-0.0013805850435820895,-0.002959123005074627,2.255245894328358e-05,0.00071500976,-0.0017598477462686566,0.0003287325859701493,-0.0003313361665671642,-0.0007681352986567164,6.29249434880597e-05,-0.0028708288131343283,-0.0007579724314925374,-0.0012897483089552239,-0.0012213155001492536,0.0024861659197761197,0.0017344280161044774,Western European | Other
